Name,Gene(s),Protein change,Condition(s),Accession,GRCh37Chromosome,GRCh37Location,GRCh38Chromosome,GRCh38Location,VariationID,AlleleID(s),dbSNP ID,Canonical SPDI,Variant type,Molecular consequence,Germline classification,Germline date last evaluated,Germline review status,Somatic clinical impact,Somatic clinical impact date last evaluated,Somatic clinical impact review status,Oncogenicity classification,Oncogenicity date last evaluated,Oncogenicity review status
MT-ATP6|MT-ATP8|MT-CO1|MT-CO2|MT-CO3|MT-ND1|MT-ND2|MT-ND3|MT-ND4|MT-ND4L|MT-ND5|MT-TA|MT-TC|MT-TD|MT-TG|MT-TH|MT-TI|MT-TK|MT-TM|MT-TN|MT-TQ|MT-TR|MT-TS1|MT-TS2|MT-TW|MT-TY,,Mitochondrial disease,VCV000009641,MT,8993,MT,8993,9641,24680,rs199476133,NC_012920.1:8992:T:G,single nucleotide variant,,Pathogenic,"Mar 22, 2021",reviewed by expert panel,,,,,,,
MT-RNR1,,not specified,VCV000666715,MT,1313,MT,1313,666715,654972,rs1603218542,NC_012920.1:1312:A:G,single nucleotide variant,,Likely benign,"Jul 17, 2018","criteria provided, single submitter",,,,,,,
MT-RNR1,,not specified,VCV000667265,MT,1377,MT,1377,667265,654973,rs1603218549,NC_012920.1:1376:C:A,single nucleotide variant,,Uncertain significance,"Feb 27, 2018","criteria provided, single submitter",,,,,,,
MT-RNR1,,not provided|not specified,VCV000042219,MT,1420,MT,1420,42219,51389,rs111033356,NC_012920.1:1419:T:C,single nucleotide variant,,Benign,"May 29, 2018","criteria provided, multiple submitters, no conflicts",,,,,,,
MT-RNR1|RNR1,,not provided|not specified,VCV000042221,MT,1442,MT,1442,42221,51391,rs28358573,NC_012920.1:1441:G:A,single nucleotide variant,,Benign/Likely benign,"May 4, 2022","criteria provided, multiple submitters, no conflicts",,,,,,,
MT-ND1|MT-RNR1,,Mitochondrial disease|kanamycin response - Toxicity|gentamicin response - Toxicity|amikacin response - Toxicity|streptomycin response - Toxicity|tobramycin response - Toxicity|aminoglycoside antibacterials response - Toxicity,VCV000009628,MT,1555,MT,1555,9628,24667,rs267606617,NC_012920.1:1554:A:G,single nucleotide variant,,Pathogenic; drug response,"Dec 15, 2022",reviewed by expert panel,,,,,,,
MT-RNR1,,not specified|not provided,VCV000042223,MT,1598,MT,1598,42223,51393,rs3135027,NC_012920.1:1597:G:A,single nucleotide variant,,Benign,"Nov 19, 2018","criteria provided, multiple submitters, no conflicts",,,,,,,
MT-TV,,MELAS syndrome,VCV000689833,MT,1607,MT,1607,689833,677670,rs1603218581,NC_012920.1:1606:T:C,single nucleotide variant,,Benign,"Jul 12, 2019","criteria provided, single submitter",,,,,,,
MT-TV,,MELAS syndrome,VCV000689835,MT,1617,MT,1617,689835,677672,rs1603218583,NC_012920.1:1616:C:T,single nucleotide variant,,Likely benign,"Jul 12, 2019","criteria provided, single submitter",,,,,,,
MT-TV,,MELAS syndrome,VCV000689836,MT,1618,MT,1618,689836,677673,rs1603218584,NC_012920.1:1617:A:G,single nucleotide variant,,Likely benign,"Jul 12, 2019","criteria provided, single submitter",,,,,,,
MT-TV,,Mitochondrial disease,VCV000618222,MT,1619,MT,1619,618222,610271,rs1569483811,NC_012920.1:1618:C:T,single nucleotide variant,,Uncertain significance,"Jun 26, 2023",reviewed by expert panel,,,,,,,
MT-TV,,  syndrome,VCV000689838,MT,1628,MT,1628,689838,677675,rs1603218586,NC_012920.1:1627:C:T,single nucleotide variant,,Likely benign,"Jul 12, 2019","criteria provided, single submitter",,,,,,,
MT-TV,,MELAS syndrome,VCV000689844,MT,1640,MT,1640,689844,677681,rs1603218594,NC_012920.1:1639:A:G,single nucleotide variant,,Likely benign,"Jul 12, 2019","criteria provided, single submitter",,,,,,,
MT-TV,,MELAS syndrome,VCV000684496,MT,1643,MT,1643,684496,672123,rs1603218595,NC_012920.1:1642:A:G,single nucleotide variant,,Uncertain significance,"Jul 12, 2019","criteria provided, single submitter",,,,,,,
MT-TV,,MELAS syndrome,VCV000689847,MT,1646,MT,1646,689847,677684,rs1603218598,NC_012920.1:1645:T:C,single nucleotide variant,,Benign,"Jul 12, 2019","criteria provided, single submitter",,,,,,,
MT-TV,,MELAS syndrome,VCV000689849,MT,1655,MT,1655,689849,677686,rs1603218604,NC_012920.1:1654:AA:A,Deletion,,Likely benign,"Jul 12, 2019","criteria provided, single submitter",,,,,,,
MT-TV,,MELAS syndrome,VCV000689850,MT,1657,MT,1657,689850,677687,rs1603218606,NC_012920.1:1656:C:T,single nucleotide variant,,Benign,"Jul 12, 2019","criteria provided, single submitter",,,,,,,
MT-TV,,Mitochondrial disease,VCV000370043,MT,1661,MT,1661,370043,354297,rs1057516055,NC_012920.1:1660:A:G,single nucleotide variant,,Uncertain significance,"Oct 23, 2023",reviewed by expert panel,,,,,,,
MT-TV,,MELAS syndrome,VCV000689853,MT,1664,MT,1664,689853,677690,rs200807305,NC_012920.1:1663:G:A,single nucleotide variant,,Benign,"Jul 12, 2019","criteria provided, single submitter",,,,,,,
MT-TV,,MELAS syndrome,VCV000689854,MT,1670,MT,1670,689854,677691,rs1603218611,NC_012920.1:1669:A:T,single nucleotide variant,,Benign,"Jul 12, 2019","criteria provided, single submitter",,,,,,,
MT-ND1,,Leigh syndrome|not specified,VCV000009728,MT,3308,MT,3308,9728,24767,rs28358582,NC_012920.1:3307:T:C,single nucleotide variant,,Benign/Likely benign,"Feb 4, 2020","criteria provided, multiple submitters, no conflicts",,,,,,,
MT-ND1,,Leigh syndrome,VCV000009729,MT,3308,MT,3308,9729,24768,rs28358582,NC_012920.1:3307:T:G,single nucleotide variant,,Likely benign,"Oct 17, 2019","criteria provided, single submitter",,,,,,,
MT-ND1,,Leigh syndrome|not provided,VCV000692333,MT,3316,MT,3316,692333,680868,rs2853516,NC_012920.1:3315:G:A,single nucleotide variant,,Benign,"Oct 17, 2019","criteria provided, multiple submitters, no conflicts",,,,,,,
MT-ND1,,Leigh syndrome,VCV000692336,MT,3335,MT,3335,692336,680872,rs879173824,NC_012920.1:3334:T:C,single nucleotide variant,,Benign,"Oct 17, 2019","criteria provided, single submitter",,,,,,,
MT-ND1,,Leigh syndrome|not provided,VCV000692337,MT,3337,MT,3337,692337,680873,rs1556422709,NC_012920.1:3336:G:A,single nucleotide variant,,Benign,"Oct 17, 2019","criteria provided, multiple submitters, no conflicts",,,,,,,
MT-ND1,,Leigh syndrome|not provided,VCV000692338,MT,3338,MT,3338,692338,680874,rs201969351,NC_012920.1:3337:T:C,single nucleotide variant,,Benign,"Oct 17, 2019","criteria provided, multiple submitters, no conflicts",,,,,,,
MT-ND1,,Leigh syndrome|not provided,VCV000692339,MT,3340,MT,3340,692339,680875,rs1603218910,NC_012920.1:3339:C:T,single nucleotide variant,,Likely benign,"Oct 17, 2019","criteria provided, multiple submitters, no conflicts",,,,,,,
MT-ND1,,Leigh syndrome,VCV000692340,MT,3344,MT,3344,692340,680876,rs1603218912,NC_012920.1:3343:T:C,single nucleotide variant,,Likely benign,"Oct 17, 2019","criteria provided, single submitter",,,,,,,
MT-ND1,,Leigh syndrome,VCV000692341,MT,3349,MT,3349,692341,680877,rs879193727,NC_012920.1:3348:A:G,single nucleotide variant,,Benign,"Oct 17, 2019","criteria provided, single submitter",,,,,,,
MT-ND1,,Leigh syndrome,VCV000692342,MT,3350,MT,3350,692342,680878,rs1603218915,NC_012920.1:3349:T:C,single nucleotide variant,,Benign,"Oct 17, 2019","criteria provided, single submitter",,,,,,,
MT-ND1,,Mitochondrial disease,VCV000692343,MT,3357,MT,3357,692343,680879,rs1556422714,NC_012920.1:3356:G:C,single nucleotide variant,,Uncertain significance,"Dec 10, 2021",reviewed by expert panel,,,,,,,
MT-ND1,,Leigh syndrome,VCV000692345,MT,3368,MT,3368,692345,680881,rs1603218920,NC_012920.1:3367:T:C,single nucleotide variant,,Likely benign,"Oct 17, 2019","criteria provided, single submitter",,,,,,,
MT-ND1,,Leigh syndrome,VCV000692347,MT,3385,MT,3385,692347,680883,rs879050714,NC_012920.1:3384:A:G,single nucleotide variant,,Likely benign,"Oct 17, 2019","criteria provided, single submitter",,,,,,,
MT-ND1,,Leigh syndrome|not provided,VCV000029998,MT,3388,MT,3388,29998,38953,rs387906730,NC_012920.1:3387:C:A,single nucleotide variant,,Benign,"Oct 17, 2019","criteria provided, multiple submitters, no conflicts",,,,,,,
MT-ND1,,Leigh syndrome|not provided,VCV000692348,MT,3391,MT,3391,692348,680884,rs1603218931,NC_012920.1:3390:G:A,single nucleotide variant,,Benign,"Oct 17, 2019","criteria provided, multiple submitters, no conflicts",,,,,,,
MT-ND1,,Leigh syndrome|not provided,VCV000009725,MT,3394,MT,3394,9725,24764,rs41460449,NC_012920.1:3393:T:C,single nucleotide variant,,Conflicting classifications of pathogenicity,"Oct 17, 2019","criteria provided, conflicting classifications",,,,,,,
MT-ND1,,Leigh syndrome,VCV000692350,MT,3395,MT,3395,692350,680886,rs1556422722,NC_012920.1:3394:A:G,single nucleotide variant,,Likely benign,"Oct 17, 2019","criteria provided, single submitter",,,,,,,
MT-ND1,,not provided,VCV000235394,MT,3396,MT,3396,235394,237079,rs374875201,NC_012920.1:3395:T:C,single nucleotide variant,,Likely benign,"Mar 18, 2016","criteria provided, multiple submitters, no conflicts",,,,,,,
MT-ND1,,Leigh syndrome,VCV000009726,MT,3397,MT,3397,9726,24765,rs199476120,NC_012920.1:3396:A:G,single nucleotide variant,,Benign,"Oct 17, 2019","criteria provided, single submitter",,,,,,,
MT-ND1,,Leigh syndrome|not provided,VCV000692351,MT,3398,MT,3398,692351,680887,rs201212638,NC_012920.1:3397:T:C,single nucleotide variant,,Benign,"Oct 17, 2019","criteria provided, multiple submitters, no conflicts",,,,,,,
MT-ND1,,Leigh syndrome|not provided,VCV000692352,MT,3399,MT,3399,692352,680888,rs386828905,NC_012920.1:3398:A:T,single nucleotide variant,,Benign,"Oct 17, 2019","criteria provided, multiple submitters, no conflicts",,,,,,,
MT-ND1,,not provided|Leigh syndrome,VCV000692354,MT,3421,MT,3421,692354,680890,rs1603218954,NC_012920.1:3420:G:A,single nucleotide variant,,Benign,"Oct 17, 2019","criteria provided, multiple submitters, no conflicts",,,,,,,
MT-ND1,,Leigh syndrome,VCV000692356,MT,3434,MT,3434,692356,680892,rs202123618,NC_012920.1:3433:A:G,single nucleotide variant,,Benign,"Oct 17, 2019","criteria provided, single submitter",,,,,,,
MT-ND1,,not provided,VCV000235591,MT,3447,MT,3447,235591,237272,rs878853074,NC_012920.1:3446:A:G,single nucleotide variant,,Benign,"Jul 26, 2019","criteria provided, multiple submitters, no conflicts",,,,,,,
MT-ND1,,Mitochondrial disease,VCV000009722,MT,3460,MT,3460,9722,24761,rs199476118,NC_012920.1:3459:G:A,single nucleotide variant,,Pathogenic,"Apr 25, 2023",reviewed by expert panel,,,,,,,
MT-ND1,,not provided,VCV003337319,MT,3461,MT,3461,3337319,3495981,,NC_012920.1:3460:C:G,single nucleotide variant,,Uncertain significance,"May 27, 2022","criteria provided, single submitter",,,,,,,
MT-ND1,,not specified,VCV001684907,MT,3472,MT,3472,1684907,1676932,rs1603218973,NC_012920.1:3471:T:C,single nucleotide variant,,Uncertain significance,"May 4, 2022","criteria provided, single submitter",,,,,,,
MT-ND1,,Leigh syndrome,VCV000692358,MT,3492,MT,3492,692358,680894,rs878950749,NC_012920.1:3491:A:C,single nucleotide variant,,Likely benign,"Oct 17, 2019","criteria provided, single submitter",,,,,,,
MT-ND1,,Leigh syndrome,VCV000692360,MT,3497,MT,3497,692360,680896,rs200319905,NC_012920.1:3496:C:T,single nucleotide variant,,Benign,"Oct 17, 2019","criteria provided, single submitter",,,,,,,
MT-ND1,,not provided,VCV000377309,MT,3498,MT,3498,377309,364187,rs878982719,NC_012920.1:3497:C:T,single nucleotide variant,,Likely benign,"Jan 6, 2017","criteria provided, multiple submitters, no conflicts",,,,,,,
MT-ND1,,not provided,VCV000994648,MT,3504,MT,3504,994648,983276,rs1603218988,NC_012920.1:3503:T:C,single nucleotide variant,,Likely benign,"Feb 5, 2020","criteria provided, single submitter",,,,,,,
MT-ND1,,not specified|not provided|Leigh syndrome,VCV000252456,MT,3505,MT,3505,252456,247211,rs28358585,NC_012920.1:3504:A:G,single nucleotide variant,,Benign,"Oct 17, 2019","criteria provided, multiple submitters, no conflicts",,,,,,,
MT-ND1,,Leigh syndrome,VCV000692364,MT,3511,MT,3511,692364,680900,rs386828909,NC_012920.1:3510:A:G,single nucleotide variant,,Benign,"Oct 17, 2019","criteria provided, single submitter",,,,,,,
MT-ND1,,not provided,VCV000805044,MT,3513,MT,3513,805044,793902,rs28369556,NC_012920.1:3512:C:T,single nucleotide variant,,Benign,"Jul 10, 2019","criteria provided, multiple submitters, no conflicts",,,,,,,
MT-ND1,,Leigh syndrome,VCV000692365,MT,3520,MT,3520,692365,680901,rs1603218996,NC_012920.1:3519:A:G,single nucleotide variant,,Benign,"Oct 17, 2019","criteria provided, single submitter",,,,,,,
MT-ND1,,Leigh syndrome|not provided,VCV000692366,MT,3523,MT,3523,692366,680902,rs878982767,NC_012920.1:3522:A:G,single nucleotide variant,,Benign,"Oct 17, 2019","criteria provided, multiple submitters, no conflicts",,,,,,,
MT-ND1,,not provided|Leigh syndrome,VCV000692367,MT,3526,MT,3526,692367,680903,rs1603218998,NC_012920.1:3525:G:A,single nucleotide variant,,Uncertain significance,"Oct 17, 2019","criteria provided, multiple submitters, no conflicts",,,,,,,
MT-ND1,,Leigh syndrome,VCV000692368,MT,3533,MT,3533,692368,680904,rs377091327,NC_012920.1:3532:C:T,single nucleotide variant,,Likely benign,"Oct 17, 2019","criteria provided, single submitter",,,,,,,
MT-ND1,,Leigh syndrome,VCV000692369,MT,3535,MT,3535,692369,680905,rs1603219004,NC_012920.1:3534:T:A,single nucleotide variant,,Likely benign,"Oct 17, 2019","criteria provided, single submitter",,,,,,,
MT-ND1,,not provided,VCV000805045,MT,3535,MT,3535,805045,793903,rs1603219004,NC_012920.1:3534:T:C,single nucleotide variant,,Benign,"Feb 13, 2019","criteria provided, single submitter",,,,,,,
MT-ND1,,not provided|Leigh syndrome,VCV000692370,MT,3547,MT,3547,692370,680906,rs28358586,NC_012920.1:3546:A:G,single nucleotide variant,,Benign,"Oct 17, 2019","criteria provided, multiple submitters, no conflicts",,,,,,,
MT-ND1,,Leigh syndrome,VCV000235006,MT,3548,MT,3548,235006,236826,rs876661353,NC_012920.1:3547:T:C,single nucleotide variant,,Benign,"Oct 17, 2019","criteria provided, single submitter",,,,,,,
MT-ND1,,not provided,VCV000805046,MT,3552,MT,3552,805046,793904,rs28358587,NC_012920.1:3551:T:A,single nucleotide variant,,Benign,"Sep 17, 2018","criteria provided, multiple submitters, no conflicts",,,,,,,
MT-ND1,,not provided,VCV003337320,MT,3553,MT,3553,3337320,3495982,,NC_012920.1:3552:C:T,single nucleotide variant,,Uncertain significance,"May 27, 2022","criteria provided, single submitter",,,,,,,
MT-ND1,,not provided,VCV000805047,MT,3555,MT,3555,805047,793905,rs1603219017,NC_012920.1:3554:T:C,single nucleotide variant,,Likely benign,"Feb 13, 2019","criteria provided, single submitter",,,,,,,
MT-ND1,,Leigh syndrome,VCV000692371,MT,3565,MT,3565,692371,680907,rs2854133,NC_012920.1:3564:A:G,single nucleotide variant,,Benign,"Oct 17, 2019","criteria provided, single submitter",,,,,,,
MT-ND1,,Leigh syndrome,VCV000692373,MT,3571,MT,3571,692373,680910,rs200453691,NC_012920.1:3570:C:T,single nucleotide variant,,Benign,"Oct 17, 2019","criteria provided, single submitter",,,,,,,
MT-ND1,,not provided,VCV003337321,MT,3578,MT,3578,3337321,3495983,,NC_012920.1:3577:T:C,single nucleotide variant,,Uncertain significance,"Nov 28, 2023","criteria provided, single submitter",,,,,,,
MT-ND1,,Leigh syndrome,VCV000692375,MT,3592,MT,3592,692375,680911,rs1603219036,NC_012920.1:3591:G:A,single nucleotide variant,,Benign,"Oct 17, 2019","criteria provided, single submitter",,,,,,,
MT-ND1,,Leigh syndrome,VCV000692376,MT,3593,MT,3593,692376,680912,rs2854134,NC_012920.1:3592:T:C,single nucleotide variant,,Benign,"Oct 17, 2019","criteria provided, single submitter",,,,,,,
MT-ND1,,not provided,VCV000370046,MT,3624,MT,3624,370046,354299,rs1057516058,NC_012920.1:3623:A:G,single nucleotide variant,,Uncertain significance,,"criteria provided, single submitter",,,,,,,
MT-ND1,,Leigh syndrome,VCV000692379,MT,3628,MT,3628,692379,680915,rs1603219051,NC_012920.1:3627:A:T,single nucleotide variant,,Likely benign,"Oct 17, 2019","criteria provided, single submitter",,,,,,,
MT-ND1,,Leigh syndrome,VCV000692380,MT,3640,MT,3640,692380,680916,rs1603219059,NC_012920.1:3639:G:A,single nucleotide variant,,Likely benign,"Oct 17, 2019","criteria provided, single submitter",,,,,,,
MT-ND1,,Leigh syndrome,VCV000692382,MT,3644,MT,3644,692382,680918,rs878991470,NC_012920.1:3643:T:C,single nucleotide variant,,Likely benign,"Oct 17, 2019","criteria provided, single submitter",,,,,,,
MT-ND1,,not specified,VCV001256442,MT,3669,MT,3669,1256442,1246371,rs386828918,NC_012920.1:3668:A:G,single nucleotide variant,,Likely benign,"Feb 25, 2021","criteria provided, single submitter",,,,,,,
MT-ND1,,not specified,VCV001256467,MT,3693,MT,3693,1256467,1246396,rs193303027,NC_012920.1:3692:G:A,single nucleotide variant,,Benign,"May 24, 2021","criteria provided, single submitter",,,,,,,
MT-ND1,,Leigh syndrome,VCV000692393,MT,3736,MT,3736,692393,680929,rs201513497,NC_012920.1:3735:G:A,single nucleotide variant,,Benign,"Oct 17, 2019","criteria provided, single submitter",,,,,,,
MT-ND1,,Leigh syndrome,VCV000692394,MT,3745,MT,3745,692394,680930,rs1556422777,NC_012920.1:3744:G:A,single nucleotide variant,,Benign,"Oct 17, 2019","criteria provided, single submitter",,,,,,,
MT-ND1,,Leigh syndrome,VCV000692395,MT,3746,MT,3746,692395,680931,rs199684756,NC_012920.1:3745:C:T,single nucleotide variant,,Benign,"Oct 17, 2019","criteria provided, single submitter",,,,,,,
MT-ND1,,not provided|Leigh syndrome,VCV000009730,MT,3796,MT,3796,9730,24769,rs28357970,NC_012920.1:3795:A:G,single nucleotide variant,,Benign,"Oct 17, 2019","criteria provided, multiple submitters, no conflicts",,,,,,,
MT-ND1,,Leigh syndrome|not provided,VCV000235654,MT,3796,MT,3796,235654,237334,rs28357970,NC_012920.1:3795:A:T,single nucleotide variant,,Benign/Likely benign,"Oct 17, 2019","criteria provided, multiple submitters, no conflicts",,,,,,,
MT-ND1,,Leigh syndrome,VCV000692402,MT,3808,MT,3808,692402,680938,rs2854135,NC_012920.1:3807:A:G,single nucleotide variant,,Likely benign,"Oct 17, 2019","criteria provided, single submitter",,,,,,,
MT-ND1,,not provided,VCV000235619,MT,3849,MT,3849,235619,237300,rs878853081,NC_012920.1:3848:G:A,single nucleotide variant,,Benign/Likely benign,"Oct 12, 2018","criteria provided, multiple submitters, no conflicts",,,,,,,
MT-ND1,,Leigh syndrome|not provided,VCV000692403,MT,3865,MT,3865,692403,680939,rs878989562,NC_012920.1:3864:A:G,single nucleotide variant,,Benign,"Oct 17, 2019","criteria provided, multiple submitters, no conflicts",,,,,,,
MT-ND1,,not provided|Leigh syndrome,VCV000692404,MT,3866,MT,3866,692404,680940,rs200479541,NC_012920.1:3865:T:C,single nucleotide variant,,Benign,"Oct 17, 2019","criteria provided, multiple submitters, no conflicts",,,,,,,
MT-ND1,,Mitochondrial disease,VCV000155881,MT,3890,MT,3890,155881,165630,rs587776434,NC_012920.1:3889:G:A,single nucleotide variant,,Likely pathogenic,"Jun 30, 2022",reviewed by expert panel,,,,,,,
MT-ND1,,Leigh syndrome|not provided,VCV000692406,MT,3892,MT,3892,692406,680942,rs879131781,NC_012920.1:3891:A:G,single nucleotide variant,,Benign,"Oct 17, 2019","criteria provided, multiple submitters, no conflicts",,,,,,,
MT-ND1,,not provided,VCV000235007,MT,3907,MT,3907,235007,236827,rs876661354,NC_012920.1:3906:G:A,single nucleotide variant,,Uncertain significance,,"criteria provided, single submitter",,,,,,,
MT-ND1,,not provided,VCV000805048,MT,3915,MT,3915,805048,793906,rs41524046,NC_012920.1:3914:G:A,single nucleotide variant,,Benign,"Jul 10, 2019","criteria provided, multiple submitters, no conflicts",,,,,,,
MT-ND1,,not provided,VCV000805049,MT,3921,MT,3921,805049,793907,rs878999809,NC_012920.1:3920:C:A,single nucleotide variant,,Benign,"Nov 19, 2018","criteria provided, multiple submitters, no conflicts",,,,,,,
MT-ND1,,Leigh syndrome,VCV000692409,MT,3943,MT,3943,692409,680945,rs879176055,NC_012920.1:3942:A:G,single nucleotide variant,,Likely benign,"Oct 17, 2019","criteria provided, single submitter",,,,,,,
MT-ND1,,not provided,VCV000235299,MT,3990,MT,3990,235299,236986,rs878853005,NC_012920.1:3989:C:T,single nucleotide variant,,Benign,"Jul 26, 2019","criteria provided, multiple submitters, no conflicts",,,,,,,
MT-ND1,,Leigh syndrome|not provided,VCV000692410,MT,3992,MT,3992,692410,680946,rs879051705,NC_012920.1:3991:C:T,single nucleotide variant,,Benign,"Oct 17, 2019","criteria provided, multiple submitters, no conflicts",,,,,,,
MT-ND1,,not specified|not provided,VCV001684908,MT,3995,MT,3995,1684908,1676933,rs1603219246,NC_012920.1:3994:A:G,single nucleotide variant,,Uncertain significance,"Jul 3, 2023","criteria provided, multiple submitters, no conflicts",,,,,,,
MT-ND1,,Leigh syndrome|not provided,VCV000692411,MT,4012,MT,4012,692411,680947,rs201610884,NC_012920.1:4011:A:G,single nucleotide variant,,Benign,"Oct 17, 2019","criteria provided, multiple submitters, no conflicts",,,,,,,
MT-ND1,,Leigh syndrome,VCV000692412,MT,4013,MT,4013,692412,680948,rs1603219257,NC_012920.1:4012:C:T,single nucleotide variant,,Benign,"Oct 17, 2019","criteria provided, single submitter",,,,,,,
MT-ND1,,Leigh syndrome,VCV000692413,MT,4021,MT,4021,692413,680949,rs199771084,NC_012920.1:4020:A:G,single nucleotide variant,,Benign,"Oct 17, 2019","criteria provided, single submitter",,,,,,,
MT-ND1,,Leigh syndrome,VCV000692414,MT,4024,MT,4024,692414,680950,rs41504646,NC_012920.1:4023:A:G,single nucleotide variant,,Benign,"Oct 17, 2019","criteria provided, single submitter",,,,,,,
MT-ND1,,not provided|Leigh syndrome,VCV000065520,MT,4025,MT,4025,65520,76428,rs397515509,NC_012920.1:4024:C:T,single nucleotide variant,,Benign,"Oct 17, 2019","criteria provided, multiple submitters, no conflicts",,,,,,,
MT-ND1,,Leigh syndrome,VCV000692415,MT,4029,MT,4029,692415,680951,rs1603219264,NC_012920.1:4028:C:A,single nucleotide variant,,Likely benign,"Oct 17, 2019","criteria provided, single submitter",,,,,,,
MT-ND1,,Leigh syndrome,VCV000692416,MT,4048,MT,4048,692416,680952,rs201629275,NC_012920.1:4047:G:A,single nucleotide variant,,Benign,"Oct 17, 2019","criteria provided, single submitter",,,,,,,
MT-ND1,,Leigh syndrome,VCV000692418,MT,4058,MT,4058,692418,680954,rs1603219282,NC_012920.1:4057:C:T,single nucleotide variant,,Likely benign,"Oct 17, 2019","criteria provided, single submitter",,,,,,,
MT-ND1,,Leigh syndrome,VCV000692419,MT,4079,MT,4079,692419,680955,rs1603219286,NC_012920.1:4078:A:G,single nucleotide variant,,Benign,"Oct 17, 2019","criteria provided, single submitter",,,,,,,
MT-ND1,,Leigh syndrome,VCV000692421,MT,4084,MT,4084,692421,680957,rs1603219293,NC_012920.1:4083:G:A,single nucleotide variant,,Likely benign,"Oct 17, 2019","criteria provided, single submitter",,,,,,,
MT-ND1,,Leigh syndrome,VCV000692422,MT,4093,MT,4093,692422,680958,rs200180511,NC_012920.1:4092:A:G,single nucleotide variant,,Benign,"Oct 17, 2019","criteria provided, single submitter",,,,,,,
MT-ND1,,Leigh syndrome|not provided,VCV000692425,MT,4123,MT,4123,692425,680961,rs200764459,NC_012920.1:4122:A:G,single nucleotide variant,,Benign,"Oct 17, 2019","criteria provided, multiple submitters, no conflicts",,,,,,,
MT-ND1,,Leigh syndrome,VCV000692426,MT,4129,MT,4129,692426,680962,rs201832206,NC_012920.1:4128:A:G,single nucleotide variant,,Benign,"Oct 17, 2019","criteria provided, single submitter",,,,,,,
MT-ND1,,not provided|Leigh syndrome,VCV000377340,MT,4132,MT,4132,377340,364218,rs1057520201,NC_012920.1:4131:G:A,single nucleotide variant,,Conflicting classifications of pathogenicity,"Oct 17, 2019","criteria provided, conflicting classifications",,,,,,,
MT-ND1,,Leigh syndrome,VCV000235009,MT,4135,MT,4135,235009,236829,rs876661355,NC_012920.1:4134:T:C,single nucleotide variant,,Benign,"Oct 17, 2019","criteria provided, single submitter",,,,,,,
MT-ND1,,not provided|Leigh syndrome,VCV000009727,MT,4136,MT,4136,9727,24766,rs199476121,NC_012920.1:4135:A:G,single nucleotide variant,,Benign,"Oct 17, 2019","criteria provided, multiple submitters, no conflicts",,,,,,,
MT-ND1,,not provided,VCV000805050,MT,4158,MT,4158,805050,793908,rs1603219327,NC_012920.1:4157:A:G,single nucleotide variant,,Benign,"Nov 19, 2018","criteria provided, multiple submitters, no conflicts",,,,,,,
MT-ND1,,not provided,VCV000805051,MT,4167,MT,4167,805051,793909,rs1603219333,NC_012920.1:4166:C:T,single nucleotide variant,,Likely benign,"Sep 17, 2018","criteria provided, single submitter",,,,,,,
MT-ND1,,Leigh syndrome,VCV000692431,MT,4172,MT,4172,692431,680967,rs1603219337,NC_012920.1:4171:T:A,single nucleotide variant,,Benign,"Oct 17, 2019","criteria provided, single submitter",,,,,,,
MT-ND1,,not provided,VCV003337323,MT,4181,MT,4181,3337323,3495985,,NC_012920.1:4180:A:G,single nucleotide variant,,Uncertain significance,"Jul 26, 2022","criteria provided, single submitter",,,,,,,
MT-ND1,,Leigh syndrome|not provided,VCV000692434,MT,4205,MT,4205,692434,680970,rs1603219353,NC_012920.1:4204:T:C,single nucleotide variant,,Likely benign,"Oct 17, 2019","criteria provided, multiple submitters, no conflicts",,,,,,,
MT-ND1,,Leigh syndrome|not provided,VCV000009724,MT,4216,MT,4216,9724,24763,rs1599988,NC_012920.1:4215:T:C,single nucleotide variant,,Benign,"Oct 17, 2019","criteria provided, multiple submitters, no conflicts",,,,,,,
MT-ND1,,not provided,VCV000235539,MT,4218,MT,4218,235539,237220,rs878853061,NC_012920.1:4217:T:C,single nucleotide variant,,Likely benign,"Mar 18, 2016","criteria provided, multiple submitters, no conflicts",,,,,,,
MT-ND1,,Leigh syndrome|not provided,VCV000235315,MT,4219,MT,4219,235315,237002,rs878853008,NC_012920.1:4218:G:A,single nucleotide variant,,Benign/Likely benign,"Oct 17, 2019","criteria provided, multiple submitters, no conflicts",,,,,,,
MT-ND1,,Leigh syndrome,VCV000692436,MT,4225,MT,4225,692436,680972,rs1603219364,NC_012920.1:4224:A:G,single nucleotide variant,,Benign,"Oct 17, 2019","criteria provided, single submitter",,,,,,,
MT-ND1,,Leigh syndrome|not provided,VCV000692437,MT,4226,MT,4226,692437,680973,rs1603219365,NC_012920.1:4225:T:C,single nucleotide variant,,Likely benign,"Oct 17, 2019","criteria provided, multiple submitters, no conflicts",,,,,,,
MT-ND1,,Leigh syndrome,VCV000692438,MT,4231,MT,4231,692438,680974,rs878929819,NC_012920.1:4230:A:G,single nucleotide variant,,Likely benign,"Oct 17, 2019","criteria provided, single submitter",,,,,,,
MT-ND1,,Leigh syndrome|not provided,VCV000692439,MT,4232,MT,4232,692439,680975,rs1556422834,NC_012920.1:4231:T:C,single nucleotide variant,,Benign,"Oct 17, 2019","criteria provided, multiple submitters, no conflicts",,,,,,,
MT-ND1,,Leigh syndrome,VCV000692440,MT,4234,MT,4234,692440,680976,rs1603219368,NC_012920.1:4233:A:G,single nucleotide variant,,Likely benign,"Oct 17, 2019","criteria provided, single submitter",,,,,,,
MT-ND1,,Leigh syndrome|not provided,VCV000692441,MT,4238,MT,4238,692441,680977,rs1603219369,NC_012920.1:4237:T:C,single nucleotide variant,,Uncertain significance,"Oct 17, 2019","criteria provided, multiple submitters, no conflicts",,,,,,,
MT-ND1,,not provided,VCV000805052,MT,4242,MT,4242,805052,793910,rs1603219372,NC_012920.1:4241:C:T,single nucleotide variant,,Likely benign,"Aug 13, 2019","criteria provided, single submitter",,,,,,,
MT-ND1,,Leigh syndrome,VCV000692442,MT,4243,MT,4243,692442,680978,rs1603219373,NC_012920.1:4242:A:G,single nucleotide variant,,Likely benign,"Oct 17, 2019","criteria provided, single submitter",,,,,,,
MT-ND1,,not provided,VCV000805053,MT,4248,MT,4248,805053,793911,rs9326618,NC_012920.1:4247:T:C,single nucleotide variant,,Benign,"Dec 12, 2018","criteria provided, multiple submitters, no conflicts",,,,,,,
MT-TL1|MT-ND1,,Mitochondrial disease,VCV000223247,MT,3291,MT,3291,223247,224979,rs869312463,NC_012920.1:3290:T:C,single nucleotide variant,,Likely pathogenic,"Oct 3, 2022",reviewed by expert panel,,,,,,,
MT-ND1,,not provided,VCV000235531,MT,3582,MT,3582,235531,237212,rs878853059,NC_012920.1:3581:C:T,single nucleotide variant,,Uncertain significance,"Jan 21, 2016","criteria provided, single submitter",,,,,,,
MT-ND1,,not provided,VCV000235228,MT,3843,MT,3843,235228,236916,rs28357971,NC_012920.1:3842:A:G,single nucleotide variant,,Likely benign,"Aug 12, 2015","criteria provided, single submitter",,,,,,,
MT-ND1,,not specified,VCV000235008,MT,3918,MT,3918,235008,236828,rs28357972,NC_012920.1:3917:G:C,single nucleotide variant,,Uncertain significance,"Jul 15, 2013",no assertion criteria provided,,,,,,,
MT-ND1,,not provided,VCV000618726,MT,3991,MT,3991,618726,610272,rs1569483910,NC_012920.1:3990:A:G,single nucleotide variant,,Uncertain significance,"Feb 22, 2018","criteria provided, single submitter",,,,,,,
MT-ND1,,not provided,VCV000235434,MT,4023,MT,4023,235434,237118,rs878853034,NC_012920.1:4022:T:C,single nucleotide variant,,Likely benign,"Oct 13, 2014","criteria provided, single submitter",,,,,,,
MT-ND1,,not provided,VCV000445420,MT,4137,MT,4137,445420,438692,rs368539747,NC_012920.1:4136:C:T,single nucleotide variant,,Likely benign,"Jun 13, 2017","criteria provided, single submitter",,,,,,,
